Ref,Val,Package,Part Number,PosX,PosY,Rot,Side
C20,10u,C_0603_1608Metric,CL10A106MP8NNNC,137.1,-103.745,-90,top
C21,10u,C_0603_1608Metric,CL10A106MP8NNNC,137.875,-98.27,0,top
C22,22u,C_0603_1608Metric,CL10A226MP8NUNE,159.75,-102.1199,0,top
C23,22u,C_0603_1608Metric,CL10A226MP8NUNE,163.825,-98.07,0,top
C24,22u,C_0603_1608Metric,CL10A226MP8NUNE,153.75,-113.32,-90,top
C25,22u,C_0603_1608Metric,CL10A226MP8NUNE,150.75,-113.32,-90,top
C26,22u,C_0603_1608Metric,CL10A226MP8NUNE,147.75,-113.32,-90,top
C27,22u,C_0603_1608Metric,CL10A226MP8NUNE,144.75,-113.32,-90,top
C30,100n,C_0603_1608Metric,0603ZC104KAT2A,168.025,-117.82,0,top
D10,D_TVS,D_0603_1608Metric,CPDUC5V0R-HF,135,-102.8075,90,top
D20,D_TVS,D_0603_1608Metric,CPDUC5V0R-HF,140.35,-97.5875,90,top
D21,LED,LED_0603_1608Metric,150060VS55040,146.05,-98.07,0,top
D22,LED,LED_0603_1608Metric,150060VS55040,146.05,-100.1199,180,top
D23,LED,LED_0603_1608Metric,150060VS55040,146.05,-102.1199,0,top
D24,LED,LED_0603_1608Metric,150060VS55040,146.05,-104.1199,180,top
D25,D_TVS,D_0603_1608Metric,CPDUC5V0R-HF,141.75,-113.3325,90,top
D30,SD0805S020S1R0,SD0805S020S1R0,SD0805S020S1R0,163.15,-112.545,0,top
F10,PTC Fuse,Fuse_1206_3216Metric,0ZCJ0200FF2C,133.6,-99.87,0,top
F30,Fuse,Fuse_1206_3216Metric,0685H9120-01,170.3,-113.82,180,top
J10,USB_C_Receptacle_USB2.0,TYPE-C-31-M-12,TYPE-C-31-M-12,124.7,-102.32,-90,top
J20,USB_A,629104190121,629104190121,141.558,-123,0,top
L20,1u,L_0805_2012Metric_Pad1.05x1.20mm_HandSolder,TFM201210ALMA1R0MTAA,159.8,-98.07,0,top
Q30,AO3404A,SOT-23,AO3404A,158.95,-118.7074,-90,top
Q31,AO3404A,SOT-23,AO3404A,161.3875,-123.0075,-90,top
R10,5k1,R_0603_1608Metric,MCT06030C5101FP500,126.525,-108.82,0,top
R11,5k1,R_0603_1608Metric,MCT06030C5101FP500,126.525,-95.82,0,top
R20,2R,R_0603_1608Metric,RC0603FR-072RL,137.1,-100.695,-90,top
R21,10k,C_0603_1608Metric,RNCP0603FTD10K0,155.525,-102.1199,180,top
R22,0R5,R_0603_1608Metric,CSR0603FKR500,159.8,-100.1199,180,top
R30,330R,R_0603_1608Metric,RC0603FR-07330RL,168.075,-116.07,0,top
R31,6m,R_1206_3216Metric,PA1206FRE070R006Z,163.15,-115.07,180,top
R32,2k7,R_0603_1608Metric,RC0603FR-072K7L,167.975,-119.6699,0,top
SW20,SW_PUSH,CS1213AGF260,CS1213AGF260,152.7,-105.75,180,top
U20,IP5306,IP5306,IP5306,153.55,-98.6449,0,top
U30,AP9101CK-AHTRG1,SOT-23-5,AP9101CK-AHTRG1,163.475,-118.7199,180,top
